"","date","city","houseSaleElec","housePercent","serviceUseElec","servicePercent","agriSaleElec","agriPercent","industrySaleElec","industryPercent","saleTotal","cityUseTotal","TotalUse","houseUse","agriUse","industryUse"
"1",2017-01-01,"新北市",548509760,0.3786,507782030,0.3505,1617045,0.0011,391009225,0.2699,1448918060,0.093,1448736176.89016,548491516.570613,1593609.79457917,391013894.142653
"2",2017-01-01,"台北市",364584957,0.3251,721849288,0.6436,1442179,0.0013,33619596,0.03,1121496020,0.072,1121580621.50404,364625860.050963,1458054.80795525,33647418.6451212
"3",2017-01-01,"桃園市",279153727,0.1373,322116211,0.1584,2302943,0.0011,1430102068,0.7032,2033674949,0.1305,2033561938.13131,279208054.105429,2236918.13194444,1430000754.89394
"4",2017-01-01,"台中市",393084401,0.1873,486374423,0.2317,11950853,0.0057,1207661939,0.5753,2099071616,0.1347,2099155904.18645,393171900.854122,11965188.6538628,1207644391.67846
"5",2017-01-01,"台南市",255417678,0.1281,232754419,0.1168,26957513,0.0135,1478160279,0.7416,1993289889,0.1279,1992760436.64384,255272611.934075,26902265.8946918,1477831139.81507
"6",2017-01-01,"高雄市",425962316,0.1942,413664405,0.1886,18651243,0.0085,1335459239,0.6088,2193737203,0.1408,2193342550.37116,425947123.282079,18643411.6781548,1335306944.66596
"7",2017-01-01,"宜蘭縣",59880891,0.2461,57995963,0.2383,4397589,0.0181,121072355,0.4975,243346798,0.0156,243373743.180864,59894278.1968107,4405064.75157365,121078437.23248
"8",2017-01-01,"新竹縣",72451935,0.102,67462700,0.095,1393156,0.002,569084666,0.8011,710392457,0.0456,710133684.210526,72433635.7894737,1420267.36842105,568888094.421053
"9",2017-01-01,"苗栗縣",69793191,0.1298,58581209,0.109,1707172,0.0032,407554133,0.758,537635705,0.0345,537442284.40367,69760008.5155963,1719815.31009174,407381251.577982
"10",2017-01-01,"彰化縣",157319801,0.2013,153243683,0.196,31285394,0.04,439850244,0.5627,781699122,0.0502,781855525.510204,157387517.285204,31274221.0204082,439950104.204592
"11",2017-01-01,"南投縣",56829707,0.2856,49473213,0.2486,8275491,0.0416,84410282,0.4242,198988693,0.0128,199007292.839903,56836482.8350764,8278703.38213998,84418893.6226871
"12",2017-01-01,"雲林縣",88132384,0.2158,62267279,0.1525,25913610,0.0634,232114153,0.5683,408427426,0.0262,408310026.229508,88113303.6603279,25886855.6629508,232042587.90623
"13",2017-01-01,"嘉義縣",63171354,0.3293,44049854,0.2296,16099515,0.0839,68497051,0.3571,191817774,0.0123,191854764.808362,63177774.0513937,16096614.7674216,68511336.5130662
"14",2017-01-01,"屏東縣",118911864,0.3461,83664595,0.2435,56882742,0.1656,84100698,0.2448,343559899,0.022,343591765.913758,118917110.182752,56898796.4353183,84111264.2956879
"15",2017-01-01,"台東縣",26606811,0.4093,26457040,0.4069,2056585,0.0316,9892645,0.1522,65013081,0.0042,65020987.9577292,26613090.3710986,2054663.21946424,9896194.36716638
"16",2017-01-01,"花蓮縣",42312846,0.2333,52995696,0.2922,2182001,0.012,83895790,0.4625,181386333,0.0116,181367885.010267,42313127.5728953,2176414.6201232,83882646.8172485
"17",2017-01-01,"基隆市",44275768,0.4405,39808441,0.396,7922,1e-04,16426568,0.1634,100518699,0.0065,100526366.161616,44281864.2941919,10052.6366161616,16426008.2308081
"18",2017-01-01,"新竹市",66900836,0.0851,89563585,0.1139,618974,8e-04,629300010,0.8002,786383405,0.0505,786335250.219491,66917129.7936787,629068.200175593,629225467.225636
"19",2017-01-01,"嘉義市",35641445,0.4268,41154462,0.4928,437631,0.0052,6277045,0.0752,83510583,0.0054,83511489.4480519,35642703.6964286,434259.74512987,6280064.00649351
"20",2017-01-01,"澎湖縣",12761895,0.4194,13969671,0.459,378115,0.0124,3322327,0.1092,30432008,0.002,30435013.0718954,12764444.4823529,377394.162091503,3323503.42745098
"21",2017-01-01,"金門縣",8644206,0.4176,10016578,0.4839,202629,0.0098,1837977,0.0888,20701390,0.0013,20699685.8855135,8644188.82579045,202856.921678033,1838132.1066336
"22",2017-01-01,"連江縣",2957067,0.4178,3626087,0.5123,30918,0.0044,463742,0.0655,7077814,5e-04,7078053.8746828,2957210.90884248,31143.4370486043,463612.528791724
"23",2017-01-01,"合計",3193304840,0.2049,3538870832,0.2271,214791220,0.0138,8634112032,0.5541,15581078924,1,15582874645.5306,3192931014.86922,215043670.108322,8634470841.08851
"24",2017-02-01,"新北市",553542817,0.412,429482226,0.3196,1538121,0.0011,359078871,0.2672,1343642035,0.0918,1343811720.90113,553650429.011264,1478192.89299124,359066491.824781
"25",2017-02-01,"台北市",351628270,0.3499,621657912,0.6186,1234834,0.0012,30392481,0.0302,1004913497,0.0686,1004943278.37051,351629653.101843,1205931.93404462,30349287.0067895
"26",2017-02-01,"桃園市",341987370,0.1694,293958743,0.1456,2193530,0.0011,1380638385,0.6839,2018778028,0.1379,2018947410.71429,342009691.375,2220842.15178571,1380758134.1875
"27",2017-02-01,"台中市",391082612,0.2004,423075910,0.2168,10894755,0.0056,1126272929,0.5772,1951326206,0.1333,1951457149.44649,391072012.749077,10928160.0369004,1126381066.66052
"28",2017-02-01,"台南市",259188154,0.1378,215662937,0.1147,26020454,0.0138,1379528692,0.7336,1880400237,0.1284,1880234847.42807,259096361.975589,25947240.8945074,1379340284.07323
"29",2017-02-01,"高雄市",324554987,0.1635,375483699,0.1891,18040587,0.0091,1267535275,0.6384,1985614548,0.1356,1985635637.22898,324651426.686938,18069284.2987837,1267629790.80698
"30",2017-02-01,"宜蘭縣",64044069,0.2737,50874429,0.2174,4349210,0.0186,114714093,0.4903,233981801,0.016,234013012.879485,64049361.625115,4352642.03955842,114736580.214811
"31",2017-02-01,"新竹縣",82786500,0.1218,66410988,0.0977,1373477,0.002,528858946,0.7784,679429911,0.0464,679743991.811668,82792818.2026612,1359487.98362334,529112723.226203
"32",2017-02-01,"苗栗縣",62181715,0.1242,50205556,0.1003,1654612,0.0033,386439491,0.7721,500481374,0.0342,500553898.305085,62168794.1694915,1651827.86440678,386477664.881356
"33",2017-02-01,"彰化縣",162725037,0.2148,144630895,0.1909,29880458,0.0394,420480745,0.5549,757717135,0.0517,757626479.832373,162738167.867994,29850483.3053955,420406933.658984
"34",2017-02-01,"南投縣",70013243,0.3334,48376501,0.2304,8385843,0.0399,83193316,0.3962,209968903,0.0143,209967452.256944,70003148.5824653,8377701.34505208,83189104.5842014
"35",2017-02-01,"雲林縣",89517621,0.2296,53610666,0.1375,27942774,0.0717,218762589,0.5612,389833650,0.0266,389895752.727273,89520064.8261818,27955525.4705455,218809496.430545
"36",2017-02-01,"嘉義縣",59463220,0.3193,38990220,0.2094,18025646,0.0968,69732852,0.3745,186211938,0.0127,186199713.467049,59453568.5100286,18024132.2636103,69731792.6934097
"37",2017-02-01,"屏東縣",105877744,0.3325,74317787,0.2334,58494125,0.1837,79693704,0.2503,318383360,0.0217,318413826.0497,105872597.161525,58492619.8453299,79698980.6602399
"38",2017-02-01,"台東縣",29999790,0.4518,24854689,0.3743,2151193,0.0324,9398033,0.1415,66403705,0.0045,66403123.163238,30000931.0451509,2151461.19048891,9396041.92759818
"39",2017-02-01,"花蓮縣",49078053,0.2828,47787140,0.2754,2176556,0.0125,74501076,0.4293,173542825,0.0119,173519026.870007,49071180.7988381,2168987.83587509,74491718.2352941
"40",2017-02-01,"基隆市",53980682,0.5149,35892599,0.3423,9773,1e-04,14960478,0.1427,104843532,0.0072,104857139.935729,53990941.3529068,10485.7139935729,14963113.8688285
"41",2017-02-01,"新竹市",61303829,0.0864,83131585,0.1172,591778,8e-04,564132692,0.7955,709159884,0.0484,709313865.187713,61284717.9522184,567451.092150171,564259179.756826
"42",2017-02-01,"嘉義市",36099447,0.4567,36428251,0.4608,489307,0.0062,6033899,0.0763,79050904,0.0054,79054364.1493056,36104128.1069878,490137.057725694,6031847.98459201
"43",2017-02-01,"澎湖縣",11474407,0.4499,10561099,0.4141,358410,0.0141,3112336,0.122,25506252,0.0017,25503740.6423569,11474132.9149964,359602.743057233,3111456.35836754
"44",2017-02-01,"金門縣",7787201,0.4369,8168062,0.4582,229321,0.0129,1640372,0.092,17824956,0.0012,17826412.047141,7788359.4233959,229960.715408119,1640029.90833697
"45",2017-02-01,"連江縣",2469964,0.4378,2742625,0.4861,18929,0.0034,410521,0.0728,5642039,4e-04,5642100.39086608,2470111.55112117,19183.1413289447,410744.90845505
"46",2017-02-01,"合計",3170786732,0.2165,3136304519,0.2142,216053693,0.0148,8119511776,0.5545,14642656720,1,14641944533.1466,3169980991.42624,216700779.09057,8118958243.62978
"47",2017-03-01,"新北市",563517723,0.3881,466528123,0.3213,1506324,0.001,420538095,0.2896,1452090265,0.0897,1452001627.76222,563521831.734516,1452001.62776222,420499671.399938
"48",2017-03-01,"台北市",370542449,0.3378,692117176,0.631,1484464,0.0014,32727486,0.0298,1096871575,0.0677,1096857648.1775,370518513.554358,1535600.70744849,32686357.9156894
"49",2017-03-01,"桃園市",299697293,0.1363,309212183,0.1407,2095520,0.001,1587349835,0.7221,2198354831,0.1358,2197670099.50249,299542434.562189,2197670.09950249,1586937578.85075
"50",2017-03-01,"台中市",393514476,0.1797,456905553,0.2086,11901504,0.0054,1327906300,0.6063,2190227833,0.1353,2190343015.34036,393604639.856663,11827852.282838,1328004970.20086
"51",2017-03-01,"台南市",255360779,0.1225,224087697,0.1075,25255497,0.0121,1579391163,0.7578,2084095136,0.1287,2084536716.27907,255355747.744186,25222894.2669767,1579661923.59628
"52",2017-03-01,"高雄市",404201582,0.1778,407206492,0.1792,18223756,0.008,1443194801,0.635,2272826631,0.1404,2272357656.25,404025191.28125,18178861.25,1442947111.71875
"53",2017-03-01,"宜蘭縣",62405544,0.2452,55159705,0.2168,4294454,0.0169,132622881,0.5211,254482584,0.0157,254426683.579336,62385422.8136531,4299810.95249077,132581744.813192
"54",2017-03-01,"新竹縣",76037219,0.103,64258832,0.087,1268802,0.0017,596949549,0.8083,738514402,0.0456,738607264.367816,76076548.2298851,1255632.34942529,597016251.788506
"55",2017-03-01,"苗栗縣",73215288,0.1239,54407815,0.0921,1851743,0.0031,461499723,0.7809,590974569,0.0365,590747176.981542,73193575.228013,1831316.24864278,461314470.504886
"56",2017-03-01,"彰化縣",166581132,0.1974,145211187,0.1721,29718591,0.0352,502420457,0.5953,843931367,0.0521,843760528.762347,166558328.377687,29700370.6124346,502290642.772225
"57",2017-03-01,"南投縣",58151762,0.2756,46386552,0.2198,7968538,0.0378,98516754,0.4669,211023606,0.013,211039818.016379,58162573.8453139,7977305.12101911,98534491.0318471
"58",2017-03-01,"雲林縣",96750369,0.2267,58716140,0.1376,28310008,0.0663,243024994,0.5694,426801511,0.0264,426716133.72093,96736547.5145349,28291279.6656977,242972166.540698
"59",2017-03-01,"嘉義縣",66566275,0.3231,42265271,0.2051,17280503,0.0839,79914582,0.3879,206026631,0.0127,206071530.960507,66581711.6533398,17289401.4475865,79935146.8595807
"60",2017-03-01,"屏東縣",115242880,0.3345,80482906,0.2336,54477954,0.1581,94317945,0.2738,344521685,0.0213,344532988.013699,115246284.490582,54470665.4049658,94333132.1181507
"61",2017-03-01,"台東縣",26924729,0.4127,25652289,0.3932,2183382,0.0335,10475966,0.1606,65236366,0.004,65239799.0844354,26924465.0821465,2185533.26932859,10477511.7329603
"62",2017-03-01,"花蓮縣",43331762,0.2315,51207885,0.2736,2226240,0.0119,90426565,0.4831,187192452,0.0116,187163322.368421,43328309.1282895,2227243.53618421,90418601.0361842
"63",2017-03-01,"基隆市",46655845,0.4631,36952961,0.3668,9124,1e-04,17134181,0.1701,100752111,0.0062,100744168.484188,46654624.4250273,10074.4168484188,17136583.0591603
"64",2017-03-01,"新竹市",69095687,0.0873,91479256,0.1156,636271,8e-04,629936092,0.7962,791147306,0.0489,791343044.982699,69084247.8269896,633074.435986159,630067332.415225
"65",2017-03-01,"嘉義市",35914988,0.4363,39403919,0.4786,459773,0.0056,6547002,0.0795,82325682,0.0051,82331631.842875,35921290.9730464,461057.1383201,6545364.73150857
"66",2017-03-01,"澎湖縣",13015422,0.4403,12849763,0.4347,349452,0.0118,3343425,0.1131,29558062,0.0018,29560071.3135496,13015299.3993559,348808.841499885,3343244.06556246
"67",2017-03-01,"金門縣",9200004,0.4379,9683868,0.4609,215830,0.0103,1909991,0.0909,21009693,0.0013,21010778.9108266,9200620.08505099,216411.022781514,1909879.80299414
"68",2017-03-01,"連江縣",2190667,0.4225,2549360,0.4917,16118,0.0031,428720,0.0827,5184865,3e-04,5184787.47203579,2190572.70693512,16072.841163311,428781.92393736
"69",2017-03-01,"合計",3248113875,0.2006,3372724933,0.2083,211733848,0.0131,9360576507,0.5781,16193149163,1,16191670345.6553,3248049071.33845,212110881.528084,9360404626.82333
"70",2017-04-01,"新北市",562071939,0.3834,466604265,0.3183,1692284,0.0012,435496726,0.2971,1465865214,0.091,1465926060.32045,562036051.526861,1759111.27238454,435526632.521206
"71",2017-04-01,"台北市",356821661,0.3256,704067397,0.6424,1421064,0.0013,33717852,0.0308,1096027974,0.0681,1095995325.34247,356856077.931507,1424793.92294521,33756656.0205479
"72",2017-04-01,"桃園市",353028674,0.1594,328954927,0.1486,2314754,0.001,1530082992,0.691,2214381347,0.1375,2213693990.57873,352862822.09825,2213693.99057873,1529662547.48991
"73",2017-04-01,"台中市",394066609,0.1796,476251219,0.2171,12497570,0.0057,1310904869,0.5976,2193720267,0.1362,2193695158.91294,393987650.540765,12504062.4058038,1310952226.96638
"74",2017-04-01,"台南市",256975197,0.1248,245792512,0.1194,29050371,0.0141,1527023825,0.7417,2058841905,0.1279,2058563752.0938,256908756.261306,29025748.9045226,1526836734.92797
"75",2017-04-01,"高雄市",321868157,0.1477,429850384,0.1972,19861824,0.0091,1408059359,0.646,2179639724,0.1354,2179768681.54158,321951834.263692,19835895.0020284,1408130568.27586
"76",2017-04-01,"宜蘭縣",62672370,0.2487,54807812,0.2175,5111825,0.0203,129412736,0.5135,252004743,0.0157,251989940.229885,62669898.1351724,5115395.78666667,129396834.308046
"77",2017-04-01,"新竹縣",85449814,0.1134,71879570,0.0954,1458138,0.0019,595045646,0.7894,753833168,0.0468,753454612.159329,85441753.0188679,1431563.76310273,594777070.838574
"78",2017-04-01,"苗栗縣",63723549,0.1101,54823903,0.0947,2027648,0.0035,458427987,0.7918,579003087,0.036,578921890.179514,63739300.1087645,2026226.6156283,458390352.644139
"79",2017-04-01,"彰化縣",165449480,0.1999,157667430,0.1905,33864532,0.0409,470484533,0.5686,827465975,0.0514,827650551.181102,165447345.181102,33850907.5433071,470602103.401575
"80",2017-04-01,"南投縣",69672752,0.3128,51521342,0.2313,9062598,0.0407,92502527,0.4153,222759219,0.0138,222746830.955469,69675208.7228707,9065796.01988759,92506758.8958063
"81",2017-04-01,"雲林縣",95534344,0.2262,58758683,0.1392,31385222,0.0743,236583482,0.5603,422261731,0.0262,422116975.574713,95482859.875,31363291.2852012,236512141.414512
"82",2017-04-01,"嘉義縣",61068209,0.2958,44189179,0.214,19650724,0.0952,81541519,0.395,206449631,0.0128,206491490.654206,61080182.935514,19657989.9102804,81564138.8084112
"83",2017-04-01,"屏東縣",105256130,0.3087,83957126,0.2462,59881941,0.1756,91917742,0.2695,341012939,0.0212,341011884.646629,105270368.790414,59881686.943948,91902702.9122664
"84",2017-04-01,"台東縣",29533059,0.4239,27214907,0.3906,2273270,0.0326,10653965,0.1529,69675201,0.0043,69674621.0957501,29535071.8824885,2271392.64772145,10653249.5655402
"85",2017-04-01,"花蓮縣",48479217,0.2561,52419727,0.2769,2261760,0.0119,86118513,0.455,189279217,0.0118,189309234.380643,48482094.9248826,2252779.88912965,86135701.6431925
"86",2017-04-01,"基隆市",54029033,0.4893,39371927,0.3566,9251,1e-04,17005698,0.154,110415909,0.0069,110409217.610768,54023230.176949,11040.9217610768,17003019.5120583
"87",2017-04-01,"新竹市",62849053,0.0802,95463829,0.1219,666715,9e-04,624401904,0.7971,783381501,0.0487,783132313.371616,62807211.5324036,704819.082034454,624234766.988515
"88",2017-04-01,"嘉義市",35674469,0.4265,40752440,0.4873,507076,0.0061,6701513,0.0801,83635498,0.0052,83629058.0751077,35667793.2690334,510137.254258157,6698687.55181613
"89",2017-04-01,"澎湖縣",11374880,0.4115,12400371,0.4486,426777,0.0154,3440183,0.1245,27642211,0.0017,27642378.5109229,11374838.7572448,425692.629068212,3441476.1246099
"90",2017-04-01,"金門縣",7937163,0.399,9428466,0.474,247871,0.0125,2279478,0.1146,19892978,0.0012,19891278.4810127,7936620.11392405,248640.981012658,2279540.51392405
"91",2017-04-01,"連江縣",1819510,0.3709,2636149,0.5373,18296,0.0037,432362,0.0881,4906317,3e-04,4906288.85166574,1819742.53508282,18153.2687511632,432244.047831751
"92",2017-04-01,"合計",3205355269,0.1991,3508813565,0.2179,235691511,0.0146,9152235411,0.5684,16102095756,1,16102861702.6159,3206079764.99082,235101780.858192,9152866591.76686
"93",2017-05-01,"新北市",583101704,0.3635,553156637,0.3448,1722465,0.0011,466092417,0.2906,1604073223,0.0926,1604282589.90719,583156721.431265,1764710.84889791,466204520.62703
"94",2017-05-01,"台北市",386762866,0.3094,826064828,0.6608,1680811,0.0013,35546040,0.0284,1250054545,0.0721,1250098105.32688,386780353.788136,1625127.53692494,35502786.1912833
"95",2017-05-01,"桃園市",300676492,0.1305,366830357,0.1592,2429167,0.0011,1633883716,0.7092,2303819732,0.133,2304210785.17588,300699507.465452,2534631.86369347,1634146288.84673
"96",2017-05-01,"台中市",416491680,0.175,546352138,0.2295,13479258,0.0057,1404217897,0.5899,2380540973,0.1374,2380619337.69063,416608384.095861,13569530.2248366,1404327347.3037
"97",2017-05-01,"台南市",275829859,0.1252,270983785,0.123,31366743,0.0142,1624711808,0.7375,2202892195,0.1271,2203120203.25203,275830649.447155,31284306.8861789,1624801149.89837
"98",2017-05-01,"高雄市",457098008,0.1894,482842807,0.2001,19810642,0.0082,1453558461,0.6023,2413309918,0.1393,2413007531.23438,457023626.415792,19786661.7561219,1453354436.06247
"99",2017-05-01,"宜蘭縣",61667252,0.2436,63585228,0.2512,5619749,0.0222,122267014,0.483,253139243,0.0146,253125907.643312,61661471.1019108,5619395.14968153,122259813.39172
"100",2017-05-01,"新竹縣",77082971,0.0977,73948470,0.0937,1610831,0.002,636384699,0.8065,789026971,0.0455,789204589.114194,77105288.3564568,1578409.17822839,636493501.120598
"101",2017-05-01,"苗栗縣",74932077,0.1277,63084712,0.1075,2113315,0.0036,446713116,0.7612,586843220,0.0339,586834530.232558,74938769.5106977,2112604.30883721,446698444.413023
"102",2017-05-01,"彰化縣",171597720,0.1952,165818904,0.1886,35617375,0.0405,506104921,0.5757,879138920,0.0507,879209459.172853,171621686.430541,35607983.0965005,506160885.645811
"103",2017-05-01,"南投縣",59244244,0.2706,52184967,0.2384,9350024,0.0427,98140524,0.4483,218919759,0.0126,218896673.657718,59233439.8917785,9346887.96518456,98131378.800755
"104",2017-05-01,"雲林縣",104391131,0.2275,68402636,0.149,33319654,0.0726,252818582,0.5509,458932003,0.0265,459078093.959732,104440266.375839,33329069.6214765,252906121.962416
"105",2017-05-01,"嘉義縣",70014121,0.3184,49721160,0.2261,20824949,0.0947,79329802,0.3608,219890032,0.0127,219907828.394516,70018652.5608138,20825271.3489606,79342744.4847413
"106",2017-05-01,"屏東縣",128480117,0.3338,95705125,0.2486,60936454,0.1583,99792594,0.2593,384914290,0.0222,384976367.65889,128505111.524537,60941759.0004023,99824372.1339501
"107",2017-05-01,"台東縣",27825155,0.3891,30282414,0.4235,2409769,0.0337,10993044,0.1537,71510382,0.0041,71505109.7992916,27822638.2229044,2409722.20023613,10990335.3761511
"108",2017-05-01,"花蓮縣",44614094,0.2232,59489433,0.2977,2484292,0.0124,93259254,0.4667,199847073,0.0115,199830141.081626,44602087.4894189,2477893.74941216,93260726.8427948
"109",2017-05-01,"基隆市",46291028,0.4258,44253874,0.4071,8194,1e-04,18155946,0.167,108709042,0.0063,108705168.263326,46286660.6465242,10870.5168263326,18153763.0999754
"110",2017-05-01,"新竹市",71904063,0.0851,107587304,0.1274,748031,9e-04,664320227,0.7866,844559625,0.0487,844484332.810047,71865616.722135,760035.899529042,664271376.188383
"111",2017-05-01,"嘉義市",38665046,0.4108,47886838,0.5088,531859,0.0057,7033365,0.0747,94117108,0.0054,94117213.0503145,38663351.1210692,536468.114386792,7030555.81485849
"112",2017-05-01,"澎湖縣",13468446,0.3932,16706126,0.4877,424533,0.0124,3657356,0.1068,34256461,0.002,34254923.1084683,13469035.7662497,424761.046545007,3658425.78798442
"113",2017-05-01,"金門縣",9049361,0.3743,11893722,0.4919,243227,0.0101,2992499,0.1238,24178809,0.0014,24179146.1679203,9050254.41065257,244209.376295995,2993378.29558853
"114",2017-05-01,"連江縣",2188594,0.3952,2853692,0.5152,16867,0.003,479442,0.0866,5538595,3e-04,5538998.44720497,2189012.1863354,16616.9953416149,479677.26552795
"115",2017-05-01,"合計",3421376029,0.1974,3999635157,0.2308,246748209,0.0142,9660452724,0.5575,17328212119,1,17329441754.766,3420831802.39081,246078072.917678,9661163778.28206
"116",2017-06-01,"新北市",599800558,0.3698,551729142,0.3402,1756504,0.0011,468712007,0.289,1621998211,0.0922,1621778783.06878,599733793.978836,1783956.66137566,468694068.306878
"117",2017-06-01,"台北市",393969549,0.3051,858737549,0.665,1854469,0.0014,36740569,0.0285,1291302136,0.0734,1291334660.15038,393986204.81188,1807868.52421053,36803037.8142857
"118",2017-06-01,"桃園市",354264033,0.1474,391332564,0.1628,2509489,0.001,1655667117,0.6888,2403773203,0.1366,2403762678.13268,354314618.756757,2403762.67813268,1655711732.69779
"119",2017-06-01,"台中市",445703137,0.1857,548974171,0.2287,14166060,0.0059,1391742828,0.5798,2400586196,0.1364,2400411766.50634,445756465.040227,14162429.4223874,1391758742.22038
"120",2017-06-01,"台南市",309106765,0.137,290523181,0.1288,33883700,0.015,1622716512,0.7192,2256230158,0.1282,2255614759.31677,309019222.026398,33834221.3897516,1622238134.90062
"121",2017-06-01,"高雄市",402418718,0.1716,502360020,0.2142,19737305,0.0084,1421071531,0.6058,2345587574,0.1333,2345284873.94958,402450884.369748,19700392.9411765,1420773576.63866
"122",2017-06-01,"宜蘭縣",63812840,0.255,64053799,0.256,6171109,0.0247,116188320,0.4643,250226068,0.0142,250210152.34375,63803588.8476562,6180190.76289062,116172573.733203
"123",2017-06-01,"新竹縣",89624632,0.1075,84813538,0.1018,1696697,0.002,657390144,0.7887,833525011,0.0474,833138880.157171,89562429.6168959,1666277.76031434,657096634.779961
"124",2017-06-01,"苗栗縣",68768488,0.1205,63928620,0.112,2310259,0.004,435683091,0.7634,570690458,0.0324,570791250,68780345.625,2283165,435742040.25
"125",2017-06-01,"彰化縣",180565775,0.1994,177179701,0.1956,39095813,0.0432,508898078,0.5619,905739367,0.0515,905826692.229039,180621842.43047,39131713.1042945,508984018.363497
"126",2017-06-01,"南投縣",73642434,0.3067,57420273,0.2391,9416174,0.0392,99629037,0.4149,240107918,0.0136,240151706.398996,73654528.3525721,9413946.89084065,99638942.9849435
"127",2017-06-01,"雲林縣",106901730,0.231,67791617,0.1465,35816843,0.0774,252303933,0.5452,462814123,0.0263,462741412.969283,106893266.395904,35816185.3638225,252286618.350853
"128",2017-06-01,"嘉義縣",68869426,0.2903,50505674,0.2129,21906057,0.0923,95988958,0.4046,237270115,0.0135,237227214.654767,68867060.414279,21896071.912635,95982131.0493189
"129",2017-06-01,"屏東縣",126369606,0.3286,97746399,0.2542,61063161,0.1588,99403780,0.2585,384582946,0.0218,384525566.483084,126355101.146341,61062659.9575138,99399858.9358773
"130",2017-06-01,"台東縣",31579081,0.4087,32590766,0.4218,2525868,0.0327,10567099,0.1368,77262814,0.0044,77265922.2380275,31578582.4186818,2526595.6571835,10569978.1621622
"131",2017-06-01,"花蓮縣",50735145,0.2591,61304560,0.3131,2576583,0.0132,81201494,0.4147,195817782,0.0111,195798658.575535,50731432.4369211,2584542.29319706,81197703.7112744
"132",2017-06-01,"基隆市",53846316,0.4494,46895894,0.3914,6755,1e-04,19072412,0.1592,119821377,0.0068,119815774.144098,53845208.9003577,11981.5774144098,19074671.2437404
"133",2017-06-01,"新竹市",68929704,0.0816,112724302,0.1334,776455,9e-04,662733337,0.7841,845163798,0.048,845009760.11994,68952796.4257871,760508.784107946,662572152.910045
"134",2017-06-01,"嘉義市",41329457,0.4226,48519708,0.4962,543109,0.0056,7398107,0.0757,97790381,0.0056,97782563.4824668,41322911.3276905,547582.355501814,7402140.05562273
"135",2017-06-01,"澎湖縣",12837816,0.3934,15590892,0.4778,439087,0.0135,3764085,0.1153,32631880,0.0019,32630581.8334031,12836870.8932608,440512.854750942,3762306.08539138
"136",2017-06-01,"金門縣",7958760,0.3424,11877982,0.5111,225336,0.0097,3179260,0.1368,23241338,0.0013,23240035.2181569,7957388.05869693,225428.341616122,3179236.81784387
"137",2017-06-01,"連江縣",1749670,0.3278,3012473,0.5644,16951,0.0032,558005,0.1046,5337099,3e-04,5337478.73848335,1749625.53047484,17079.9319631467,558300.276045358
"138",2017-06-01,"合計",3552783640,0.2018,4139612825,0.2352,258493784,0.0147,9650609704,0.5483,17601499953,1,17600394664.1156,3551759643.21854,258725801.5625,9650296394.33461
"139",2017-07-01,"新北市",761680954,0.3987,653666029,0.3422,1941142,0.001,492908493,0.258,1910196618,0.0996,1910187109.87726,761591600.708065,1910187.10987726,492828274.348334
"140",2017-07-01,"台北市",513707148,0.3367,970738000,0.6363,1853035,0.0012,39356508,0.0258,1525654691,0.0795,1525597988.37027,513668842.684268,1830717.58604432,39360428.0999529
"141",2017-07-01,"桃園市",357176276,0.143,427602566,0.1711,3136467,0.0013,1710608590,0.6846,2498523899,0.1303,2499138316.77382,357376779.298656,3248879.81180596,1710910091.66335
"142",2017-07-01,"台中市",531094525,0.2061,616424080,0.2392,15553264,0.006,1413737813,0.5486,2576809682,0.1343,2577023745.8194,531124594.013378,15462142.4749164,1413755226.95652
"143",2017-07-01,"台南市",362382109,0.1537,298375113,0.1265,38559274,0.0164,1658850678,0.7034,2358167174,0.1229,2358696545.45455,362531659.036364,38682623.3454546,1659107150.07273
"144",2017-07-01,"高雄市",618997657,0.236,528082436,0.2014,21860622,0.0083,1453635298,0.5543,2622576013,0.1367,2622057775.571,618805635.034757,21763079.5372393,1453406624.99901
"145",2017-07-01,"宜蘭縣",76276473,0.2659,77174775,0.269,7636872,0.0266,125825224,0.4385,286913344,0.015,286895074.349442,76285400.2695167,7631408.97769517,125803490.10223
"146",2017-07-01,"新竹縣",95694894,0.1096,86992135,0.0996,2001395,0.0023,688837557,0.7886,873525981,0.0455,873415010.040161,95726285.1004016,2008854.52309237,688775076.917671
"147",2017-07-01,"苗栗縣",98172566,0.1597,72957608,0.1187,3063346,0.005,440456257,0.7166,614649777,0.032,614638652.064027,98157792.7346251,3073193.26032013,440450058.069082
"148",2017-07-01,"彰化縣",208409795,0.2151,187663145,0.1937,44525080,0.0459,528426369,0.5453,969024389,0.0505,968833995.869902,208396192.511616,44469480.4104285,528305177.947857
"149",2017-07-01,"南投縣",65455869,0.2792,56981050,0.2431,9944113,0.0424,102019850,0.4352,234400882,0.0122,234393459.481695,65442653.8872892,9938282.68202386,102008033.566434
"150",2017-07-01,"雲林縣",121966420,0.2442,76451299,0.1531,39177311,0.0784,261877034,0.5243,499472064,0.026,499355316.786414,121942568.359242,39149456.8360549,261811992.591117
"151",2017-07-01,"嘉義縣",84486068,0.3447,53409754,0.2179,23553664,0.0961,83670950,0.3413,245120436,0.0128,245111307.939422,84489867.8467187,23555196.6929784,83656489.3997246
"152",2017-07-01,"屏東縣",161453908,0.374,104263154,0.2415,66166079,0.1533,99857424,0.2313,431740565,0.0225,431731486.542443,161467575.966874,66184436.8869565,99859492.8372671
"153",2017-07-01,"台東縣",33570259,0.4005,36126419,0.431,2926240,0.0349,11188041,0.1335,83810959,0.0044,83819997.6798144,33569909.0707657,2925317.91902552,11189969.6902552
"154",2017-07-01,"花蓮縣",54494845,0.2498,68838183,0.3155,3167855,0.0145,91690682,0.4202,218191565,0.0114,218187584.786054,54503258.6795563,3163719.97939778,91682423.1270998
"155",2017-07-01,"基隆市",57389186,0.4403,53534781,0.4107,7215,1e-04,19416793,0.149,130347975,0.0068,130350087.655223,57393143.5945946,13035.0087655223,19422163.0606282
"156",2017-07-01,"新竹市",95563683,0.1048,123887225,0.1358,859351,9e-04,691824661,0.7585,912134920,0.0476,912277061.85567,95606636.0824742,821049.355670103,691962151.417526
"157",2017-07-01,"嘉義市",49649453,0.4459,53451386,0.48,567277,0.0051,7682219,0.069,111350335,0.0058,111357054.166667,49654110.4529167,567920.97625,7683636.7375
"158",2017-07-01,"澎湖縣",18102612,0.4228,20102049,0.4695,548596,0.0128,4059295,0.0948,42812552,0.0022,42815865.8146965,18102548.0664537,548043.082428115,4058944.07923323
"159",2017-07-01,"金門縣",10900809,0.3698,14817137,0.5026,263864,0.009,3499271,0.1187,29481081,0.0015,29480972.9407083,10902063.7934739,265328.756466375,3499391.48806208
"160",2017-07-01,"連江縣",2519036,0.374,3563407,0.5291,23235,0.0035,628869,0.0934,6734547,4e-04,6734845.96484596,2518832.39085239,23571.9608769609,629034.613116613
"161",2017-07-01,"合計",4379144545,0.2283,4585101731,0.239,287335297,0.015,9930057876,0.5177,19181639449,1,19184526071.1297,4379827302.03891,287767891.066946,9931829147.02385
"162",2017-08-01,"新北市",896698817,0.4377,639591947,0.3122,2011450,0.001,510303106,0.2491,2048605320,0.1031,2048660944.90711,896698895.585842,2048660.94490711,510321441.376361
"163",2017-08-01,"台北市",593054712,0.3689,971782994,0.6045,1968028,0.0012,40826162,0.0254,1607631896,0.0809,1607581462.36559,593036801.466667,1929097.75483871,40832569.144086
"164",2017-08-01,"桃園市",509642567,0.1882,453919212,0.1676,3369511,0.0012,1741247126,0.643,2708178416,0.1363,2708348520.2864,509711191.5179,3250018.22434367,1741468098.54415
"165",2017-08-01,"台中市",578829957,0.2181,601730856,0.2267,15410336,0.0058,1458168905,0.5494,2654140054,0.1336,2654304614.02735,578903836.319365,15394966.7613586,1458274954.94663
"166",2017-08-01,"台南市",390445618,0.1617,302843079,0.1254,38550439,0.016,1682890715,0.6969,2414729851,0.1215,2415016578.94737,390508180.815789,38640265.2631579,1683025053.86842
"167",2017-08-01,"高雄市",512165545,0.2021,524160054,0.2068,21507360,0.0085,1476827623,0.5827,2534660582,0.1276,2534623085.10638,512247325.5,21544296.2234043,1476924871.69149
"168",2017-08-01,"宜蘭縣",93028203,0.2937,76813429,0.2425,7571247,0.0239,139308216,0.4398,316721095,0.0159,316756408.247423,93031357.1022681,7570478.1571134,139309468.347217
"169",2017-08-01,"新竹縣",129057344,0.1396,97496003,0.1055,2103370,0.0023,695598183,0.7526,924254900,0.0465,924132729.85782,129008929.088152,2125505.27867299,695502292.490995
"170",2017-08-01,"苗栗縣",97998570,0.1544,70784191,0.1115,2798041,0.0044,463099045,0.7297,634679847,0.0319,634835793.721973,98018646.5506727,2793277.49237668,463239678.678924
"171",2017-08-01,"彰化縣",234649398,0.2301,198778388,0.195,45280333,0.0444,540917986,0.5305,1019626105,0.0513,1019376348.71795,234558497.84,45260309.8830769,540779152.994872
"172",2017-08-01,"南投縣",85894071,0.3258,62699877,0.2378,10429351,0.0396,104587759,0.3968,263611058,0.0133,263666429.772918,85902522.8200168,10441190.6190076,104622839.333894
"173",2017-08-01,"雲林縣",123944809,0.2462,73292660,0.1456,38407667,0.0763,267800775,0.5319,503445911,0.0253,503383653.846154,123933055.576923,38408172.7884615,267749765.480769
"174",2017-08-01,"嘉義縣",80784460,0.3318,52588035,0.216,23261040,0.0955,86872443,0.3568,243505978,0.0123,243463125,80781064.875,23250728.4375,86867643
"175",2017-08-01,"屏東縣",152019790,0.3645,100789490,0.2417,63879121,0.1532,100365854,0.2407,417054255,0.021,417002441.042615,151997389.760033,63884773.9677286,100372487.558957
"176",2017-08-01,"台東縣",42350809,0.4576,37118813,0.4011,2822243,0.0305,10255294,0.1108,92547159,0.0047,92542540.5135876,42347466.5390177,2822547.48566442,10253713.4889055
"177",2017-08-01,"花蓮縣",69979331,0.3226,68883278,0.3175,3347566,0.0154,74722186,0.3444,216932361,0.0109,216955206.299213,69989749.552126,3341110.17700787,74719373.0494488
"178",2017-08-01,"基隆市",81298483,0.522,54660981,0.3509,9481,1e-04,19789482,0.1271,155758427,0.0078,155773670.561414,81313856.0330579,15577.3670561414,19798833.5283557
"179",2017-08-01,"新竹市",100820826,0.1089,125725688,0.1358,900741,0.001,698696143,0.7544,926143398,0.0466,925815081.001473,100821262.32106,925815.081001473,698434897.107511
"180",2017-08-01,"嘉義市",52225169,0.4627,52375087,0.464,574853,0.0051,7703211,0.0682,112878320,0.0057,112877342.672414,52228346.4545259,575674.44762931,7698234.77025862
"181",2017-08-01,"澎湖縣",17194227,0.4419,17184175,0.4416,532651,0.0137,3998760,0.1028,38909813,0.002,38913439.7644928,17195849.0319294,533114.124773551,4000301.60778986
"182",2017-08-01,"金門縣",11302682,0.3932,13555270,0.4715,303568,0.0106,3585042,0.1247,28746562,0.0014,28749247.0837752,11304203.9533404,304742.019088017,3585031.11134677
"183",2017-08-01,"連江縣",2387203,0.3494,3800782,0.5563,22257,0.0033,622473,0.0911,6832715,3e-04,6832252.38180838,2387188.98220385,22546.4328599676,622418.191982743
"184",2017-08-01,"合計",4855772591,0.2444,4600574289,0.2315,285060654,0.0143,10128186489,0.5097,19869594023,1,19872891097.1922,4856934584.15378,284182342.689849,10129212592.2389
"185",2017-09-01,"新北市",998251487,0.4553,698796639,0.3187,1994183,9e-04,493285637,0.225,2192327946,0.1091,2192647125.82366,998312236.387512,1973382.41324129,493345603.310323
"186",2017-09-01,"台北市",664353187,0.3905,995616171,0.5852,1876966,0.0011,39466989,0.0232,1701313313,0.0847,1701326334.58647,664367933.656015,1871458.96804511,39470770.962406
"187",2017-09-01,"桃園市",451249586,0.1732,453050917,0.1739,3149681,0.0012,1697383727,0.6516,2604833911,0.1297,2605238165.61242,451227250.284071,3126285.79873491,1697573188.71305
"188",2017-09-01,"台中市",622734056,0.2331,634633540,0.2376,15663456,0.0059,1398470978,0.5235,2671502030,0.133,2671016582.49158,622613965.378788,15758997.8367003,1398277180.93434
"189",2017-09-01,"台南市",391401782,0.1654,301810668,0.1275,39102126,0.0165,1634657100,0.6906,2366971676,0.1178,2367142494.11765,391525368.527059,39057851.1529412,1634748606.43765
"190",2017-09-01,"高雄市",659977656,0.2509,531538578,0.202,21522579,0.0082,1417903499,0.5389,2630942312,0.131,2631379099.0099,660213015.941584,21577308.6118812,1418050196.45644
"191",2017-09-01,"宜蘭縣",98061861,0.3036,81710846,0.253,7522987,0.0233,135652236,0.42,322947930,0.0161,322967770.750988,98053015.2,7525149.05849802,135646463.715415
"192",2017-09-01,"新竹縣",121042507,0.1354,90500527,0.1012,2099664,0.0023,680246192,0.761,893888890,0.0445,894273982.213439,121084697.1917,2056830.15909091,680542500.464427
"193",2017-09-01,"苗栗縣",121917767,0.1866,74785337,0.1144,2710978,0.0041,454112889,0.6949,653526971,0.0325,653717980.769231,121983775.211538,2680243.72115385,454268624.836538
"194",2017-09-01,"彰化縣",244680568,0.2429,194881756,0.1934,45532630,0.0452,522399327,0.5185,1007494281,0.0502,1007661613.23681,244761005.855222,45546304.918304,522472546.463289
"195",2017-09-01,"南投縣",72041192,0.2955,59387088,0.2436,10635278,0.0436,101752389,0.4173,243815947,0.0121,243789359.605911,72039755.7635468,10629216.0788177,101733299.763547
"196",2017-09-01,"雲林縣",135284560,0.2633,79458089,0.1546,38275854,0.0745,260804449,0.5076,513822952,0.0256,513959178.525226,135325451.705692,38289958.8001294,260885679.019405
"197",2017-09-01,"嘉義縣",92983065,0.3638,55044311,0.2154,23524068,0.092,84049406,0.3288,255600850,0.0127,255544619.312906,92967132.5060353,23510104.9767874,84023070.8300835
"198",2017-09-01,"屏東縣",166488183,0.3837,104853366,0.2416,62613381,0.1443,99954933,0.2304,433909863,0.0216,433995720.198675,166524157.840232,62625582.4246689,99992613.9337748
"199",2017-09-01,"台東縣",37907967,0.4343,36399756,0.417,2744219,0.0314,10233714,0.1172,87285656,0.0043,87289582.733813,37909865.781295,2740892.89784173,10230339.0964029
"200",2017-09-01,"花蓮縣",65787064,0.2867,71520766,0.3117,3265080,0.0142,88871044,0.3873,229443954,0.0114,229453853.063843,65784419.6734039,3258244.71350658,88867477.2916266
"201",2017-09-01,"基隆市",76012139,0.5053,54945759,0.3652,9030,1e-04,19474167,0.1294,150441095,0.0075,150453885.542169,76024348.3644578,15045.3885542169,19468732.7891566
"202",2017-09-01,"新竹市",119165767,0.1291,126989761,0.1376,867007,9e-04,675982483,0.7324,923005018,0.046,922890704.94186,119145190.007994,830601.634447674,675925152.299419
"203",2017-09-01,"嘉義市",54843656,0.4637,55129889,0.4661,602955,0.0051,7701170,0.0651,118277670,0.0059,118279101.051277,54846019.1574769,603223.41536151,7699969.4784381
"204",2017-09-01,"澎湖縣",20523644,0.4568,20013369,0.4454,536190,0.0119,3859778,0.0859,44932981,0.0022,44933473.2824427,20525610.5954198,534708.332061069,3859785.35496183
"205",2017-09-01,"金門縣",13778644,0.4174,15443579,0.4679,303622,0.0092,3483497,0.1055,33009342,0.0016,33006153.0241505,13776768.2722804,303656.607822184,3482149.14404787
"206",2017-09-01,"連江縣",2953558,0.4044,3764088,0.5153,23753,0.0033,562573,0.077,7303972,4e-04,7304653.59984475,2954001.91577722,24105.3568794877,562458.327188046
"207",2017-09-01,"合計",5231439896,0.2604,4740274800,0.236,284575687,0.0142,9830308177,0.4894,20086598560,1,20085910169.4915,5230371008.13559,285219924.40678,9830044436.94915
"208",2017-10-01,"新北市",942089131,0.4569,639318398,0.31,2024202,0.001,478580769,0.2321,2062012500,0.1041,2062317412.90323,942272825.955484,2062317.41290323,478663871.534839
"209",2017-10-01,"台北市",618110397,0.3931,913927685,0.5812,1733940,0.0011,38688013,0.0246,1572460035,0.0794,1572483972.81487,618143449.713524,1729732.37009635,38683105.7312457
"210",2017-10-01,"桃園市",534716002,0.2021,442259449,0.1671,3197324,0.0012,1665890130,0.6296,2646062905,0.1336,2646675338.12089,534893085.834231,3176010.40574506,1666346792.88091
"211",2017-10-01,"台中市",628745932,0.2324,614723494,0.2272,16030916,0.0059,1446480936,0.5345,2705981278,0.1367,2705649181.33803,628792869.742958,15963330.1698944,1446169487.42518
"212",2017-10-01,"台南市",417429249,0.1752,309252675,0.1298,42080055,0.0177,1613934159,0.6774,2382696138,0.1203,2382532164.86903,417419635.285054,42170819.3181818,1613927288.48228
"213",2017-10-01,"高雄市",529392788,0.2081,531710231,0.209,23591415,0.0093,1459194137,0.5736,2543888571,0.1285,2544068090.90909,529420569.718182,23659833.2454545,1459277456.94545
"214",2017-10-01,"宜蘭縣",96439151,0.3108,73651103,0.2374,7458988,0.024,132732538,0.4278,310281780,0.0157,310240534.962089,96422758.2662174,7445772.83909014,132720900.856782
"215",2017-10-01,"新竹縣",136189184,0.1503,96812939,0.1069,2097028,0.0023,670717657,0.7405,905816808,0.0457,905640215.15435,136117724.337699,2082972.494855,670626579.321796
"216",2017-10-01,"苗栗縣",104194239,0.1655,70203192,0.1115,2856216,0.0045,452135625,0.7184,629389272,0.0318,629625040.358744,104202944.179372,2833312.68161435,452322628.993722
"217",2017-10-01,"彰化縣",252950144,0.2485,200318038,0.1968,47999537,0.0472,516488394,0.5075,1017756113,0.0514,1017876209.34959,252942238.023374,48043757.0813008,516572176.244919
"218",2017-10-01,"南投縣",94018933,0.3495,63565977,0.2363,11836632,0.044,99569041,0.3702,268990583,0.0136,269005404.14727,94017388.749471,11836237.7824799,99585800.6153195
"219",2017-10-01,"雲林縣",135146603,0.2627,74854500,0.1455,40990316,0.0797,263466637,0.5121,514458056,0.026,514463917.525773,135149671.134021,41002774.2268041,263456972.164948
"220",2017-10-01,"嘉義縣",88463696,0.3463,52149565,0.2041,25873590,0.1013,88988381,0.3483,255475232,0.0129,255509872.611465,88483068.8853503,25883150.0955414,88994088.6305733
"221",2017-10-01,"屏東縣",153886962,0.3641,102325846,0.2421,68408808,0.1619,98003361,0.2319,422624977,0.0213,422659421.726559,153890295.45064,68428560.3775299,98014719.8983891
"222",2017-10-01,"台東縣",42293424,0.4642,35671892,0.3915,2775429,0.0305,10375263,0.1139,91116008,0.0046,91115943.8058748,42296021.1146871,2779036.28607918,10378105.9994891
"223",2017-10-01,"花蓮縣",72366414,0.3159,66895499,0.292,3138480,0.0137,86669409,0.3784,229069802,0.0116,229094174.657534,72370849.7743151,3138590.19280822,86689235.690411
"224",2017-10-01,"基隆市",84602124,0.5428,52402993,0.3362,9741,1e-04,18851821,0.1209,155866679,0.0079,155868509.815586,84605427.1279001,15586.8509815586,18844502.8367043
"225",2017-10-01,"新竹市",105782038,0.1181,122252564,0.1365,926369,0.001,666534261,0.7443,895495232,0.0452,895623179.487179,105773097.497436,895623.179487179,666612332.492308
"226",2017-10-01,"嘉義市",57163046,0.4837,52724051,0.4461,664581,0.0056,7636324,0.0646,118188002,0.006,118188861.241874,57167952.1826945,661857.622954495,7635000.43622506
"227",2017-10-01,"澎湖縣",17549170,0.4625,16070520,0.4235,506949,0.0134,3817639,0.1006,37944278,0.0019,37946918.5360094,17550449.8229044,508488.708382527,3817460.00472255
"228",2017-10-01,"金門縣",12183815,0.4288,12742699,0.4484,356124,0.0125,3133312,0.1103,28415950,0.0014,28418151.2042819,12185703.2363961,355226.890053524,3134522.07783229
"229",2017-10-01,"連江縣",2438831,0.3716,3554632,0.5417,23567,0.0036,545526,0.0831,6562556,3e-04,6561993.72346317,2438436.86763891,23623.1774044674,545301.67841979
"230",2017-10-01,"合計",5126151273,0.2589,4547387942,0.2297,304580207,0.0154,9822433333,0.4961,19800552755,1,19797074192.4249,5125462508.41881,304874942.563344,9821328506.86199
"231",2017-11-01,"新北市",794217250,0.428,608894459,0.3281,1728287,9e-04,450913375,0.243,1855753371,0.1003,1855819747.02835,794290851.728132,1670237.77232551,450964198.527888
"232",2017-11-01,"台北市",525126640,0.3743,841195246,0.5996,1541334,0.0011,35112459,0.025,1402975679,0.0758,1402927361.57438,525115711.437292,1543220.09773182,35073184.0393596
"233",2017-11-01,"桃園市",374071267,0.1584,392306100,0.1661,2449287,0.001,1592473445,0.6744,2361300099,0.1276,2361866947.62191,374119724.503311,2361866.94762191,1592843069.47622
"234",2017-11-01,"台中市",574534748,0.2229,579410084,0.2248,13989202,0.0054,1409903194,0.5469,2577837228,0.1393,2577446992.88256,574512934.713523,13918213.7615658,1409605760.40747
"235",2017-11-01,"台南市",373179371,0.1673,273891671,0.1228,36156972,0.0162,1547457799,0.6937,2230685813,0.1206,2230388200.32573,373143945.914495,36132288.8452769,1547220294.56596
"236",2017-11-01,"高雄市",622493386,0.2415,488836625,0.1897,21223459,0.0082,1444764153,0.5606,2577317623,0.1393,2576893120.71692,622319688.653136,21130523.5898788,1444606283.47391
"237",2017-11-01,"宜蘭縣",80145807,0.2892,69427824,0.2505,5771477,0.0208,121765622,0.4394,277110730,0.015,277156982.035928,80153799.2047904,5764865.2263473,121782777.906587
"238",2017-11-01,"新竹縣",102406586,0.126,78483428,0.0965,1627827,0.002,630393262,0.7755,812911103,0.0439,813299772.020725,102475771.274611,1626599.54404145,630713973.202073
"239",2017-11-01,"苗栗縣",104001111,0.1617,65701583,0.1022,2450333,0.0038,470967207,0.7323,643120234,0.0348,642872632.093933,103952504.609589,2442916.00195695,470775628.482387
"240",2017-11-01,"彰化縣",226987804,0.2392,180916694,0.1906,37818137,0.0398,503411345,0.5304,949133980,0.0513,949195666.316894,227047603.383001,37777987.5194124,503453381.414481
"241",2017-11-01,"南投縣",72187147,0.3119,55434579,0.2395,9991897,0.0432,93830168,0.4054,231443791,0.0125,231459620.041754,72192255.491023,9999055.58580376,93833729.9649269
"242",2017-11-01,"雲林縣",130768506,0.2721,72955006,0.1518,33993311,0.0707,242801483,0.5053,480518306,0.026,480599512.516469,130771127.355731,33978385.5349144,242846933.674572
"243",2017-11-01,"嘉義縣",90086564,0.3615,49736295,0.1996,21307009,0.0855,88070366,0.3534,249200234,0.0135,249179834.669339,90078510.2329659,21304875.8642285,88060153.5721443
"244",2017-11-01,"屏東縣",161813700,0.3846,97333729,0.2314,62641963,0.1489,98891594,0.2351,420680986,0.0227,420629770.959378,161774209.910977,62631772.8958513,98890059.1525497
"245",2017-11-01,"台東縣",34628224,0.4381,31616725,0.4,2508049,0.0317,10280151,0.1301,79033149,0.0043,79041812.5,34628218.05625,2505625.45625,10283339.80625
"246",2017-11-01,"花蓮縣",57332957,0.275,62200741,0.2984,2592268,0.0124,86333157,0.4141,208459123,0.0113,208447523.458445,57323068.9510724,2584749.29088472,86318119.4641421
"247",2017-11-01,"基隆市",60100834,0.4865,46583814,0.3771,8300,1e-04,16833543,0.1363,123526491,0.0067,123531726.332538,60098184.8607796,12353.1726332538,16837374.2991249
"248",2017-11-01,"新竹市",98063615,0.1169,109873309,0.131,700186,8e-04,630171971,0.7513,838809081,0.0453,838727549.618321,98047250.5503817,670982.039694657,630136008.028244
"249",2017-11-01,"嘉義市",51689119,0.4757,49378699,0.4544,522881,0.0048,7078367,0.0651,108669066,0.0059,108667911.53169,51693325.515625,521605.975352113,7074281.04071303
"250",2017-11-01,"澎湖縣",18003139,0.4715,16271683,0.4261,420623,0.011,3491013,0.0914,38186458,0.0021,38187474.7711805,18005394.3546116,420062.222482985,3490335.1940859
"251",2017-11-01,"金門縣",12040163,0.4404,12271789,0.4489,297619,0.0109,2728032,0.0998,27337603,0.0015,27337467.1419024,12039420.5292938,297978.391846736,2728279.22076186
"252",2017-11-01,"連江縣",2408249,0.4187,2866508,0.4984,14728,0.0026,461914,0.0803,5751399,3e-04,5751420.54574639,2408119.78250401,14953.6934189406,461839.069823435
"253",2017-11-01,"合計",4566286187,0.2468,4185586591,0.2263,259755149,0.014,9488133620,0.5129,18499761547,1,18495742779.4962,4564749317.97967,258940398.912947,9486466471.60362
"254",2017-12-01,"新北市",597702997,0.3869,502526104,0.3253,1665382,0.0011,443094465,0.2868,1544988948,0.092,1544808189.36366,597686288.464802,1699289.00830003,443050988.709499
"255",2017-12-01,"台北市",381749660,0.3353,720565536,0.6329,1416653,0.0012,34826933,0.0306,1138558782,0.0678,1138514040.13272,381743757.656502,1366216.84815927,34838529.6280613
"256",2017-12-01,"桃園市",362422079,0.1569,346123155,0.1499,2459494,0.0011,1598264317,0.6921,2309269045,0.1375,2309027051.36758,362286344.359573,2539929.75650434,1598077622.2515
"257",2017-12-01,"台中市",436932289,0.1871,501733283,0.2148,12720774,0.0054,1384307207,0.5927,2335693553,0.1391,2335816028.86406,437031179.000466,12613406.5558659,1384438160.30773
"258",2017-12-01,"台南市",288905185,0.1367,246522141,0.1166,32010868,0.0151,1546701322,0.7316,2114139516,0.1259,2114255068.61063,289018667.879074,31925251.5360206,1546789008.19554
"259",2017-12-01,"高雄市",377103284,0.1647,440208161,0.1923,20390786,0.0089,1451403175,0.634,2289105406,0.1363,2289174004.16017,377026958.485179,20373648.6370255,1451336318.63755
"260",2017-12-01,"宜蘭縣",65522671,0.2534,58653493,0.2269,4844224,0.0187,129526613,0.501,258547001,0.0154,258499308.065227,65503724.6637285,4833937.06081975,129508153.340679
"261",2017-12-01,"新竹縣",91015481,0.1158,76758020,0.0976,1440414,0.0018,617086899,0.7848,786300814,0.0468,786455122.95082,91071503.2377049,1415619.22131148,617209980.491803
"262",2017-12-01,"苗栗縣",68079185,0.1195,56042425,0.0984,2167540,0.0038,443241377,0.7783,569530527,0.0339,569536839.430894,68059652.3119919,2164239.9898374,443270522.129065
"263",2017-12-01,"彰化縣",178242112,0.2031,171649495,0.1956,33483883,0.0382,494291620,0.5632,877667110,0.0523,877553655.419223,178231147.415644,33522549.6370143,494238218.732106
"264",2017-12-01,"南投縣",75882955,0.324,54142498,0.2312,9221245,0.0394,94924493,0.4054,234171191,0.0139,234180354.67128,75874434.9134948,9226705.97404844,94936715.783737
"265",2017-12-01,"雲林縣",96933330,0.2212,61428088,0.1402,29855387,0.0681,249943153,0.5704,438159958,0.0261,438146134.094151,96917924.8616263,29837751.7318117,249918554.887304
"266",2017-12-01,"嘉義縣",63455797,0.2886,43035147,0.1957,19001962,0.0864,94386998,0.4293,219879904,0.0131,219903663.771078,63464197.3643332,18999676.5498212,94404642.8569239
"267",2017-12-01,"屏東縣",118603267,0.33,85472802,0.2378,61280235,0.1705,94021229,0.2616,359377533,0.0214,359431463.414634,118612382.926829,61283064.5121951,94027270.8292683
"268",2017-12-01,"台東縣",32064544,0.4367,28429373,0.3872,2503692,0.0341,10434213,0.1421,73431822,0.0044,73422967.4586777,32063809.8892045,2503723.19034091,10433403.6758781
"269",2017-12-01,"花蓮縣",50197691,0.2528,54454455,0.2742,2649182,0.0133,91297767,0.4597,198599095,0.0118,198593927.789934,50204544.9452954,2641299.23960613,91293628.6050328
"270",2017-12-01,"基隆市",57480437,0.499,41192837,0.3576,8136,1e-04,16519011,0.1434,115200421,0.0069,115192497.203579,57481056.1045861,11519.2497203579,16518604.0989933
"271",2017-12-01,"新竹市",65790385,0.0836,96286789,0.1224,616531,8e-04,624197242,0.7932,786890947,0.0469,786656772.875817,65764506.2124183,629325.418300654,623976152.245098
"272",2017-12-01,"嘉義市",39872397,0.4522,41068670,0.4658,493929,0.0056,6735511,0.0764,88170507,0.0053,88168033.4907686,39869584.7445255,493740.987548304,6736037.75869472
"273",2017-12-01,"澎湖縣",12586283,0.4424,11999969,0.4218,381078,0.0134,3479539,0.1223,28446869,0.0017,28449428.6391655,12586027.2299668,381222.343764817,3479365.12256994
"274",2017-12-01,"金門縣",8112571,0.4124,9221763,0.4688,240344,0.0122,2096117,0.1066,19670795,0.0012,19670996.1604096,8112318.8165529,239986.153156997,2096928.19069966
"275",2017-12-01,"連江縣",1676367,0.3484,2682626,0.5576,14299,0.003,438093,0.0911,4811385,3e-04,4811022.23816356,1676160.14777618,14433.0667144907,438284.1258967
"276",2017-12-01,"合計",3470330967,0.2067,3650196830,0.2174,238866038,0.0142,9431217294,0.5617,16790611129,1,16790233808.6477,3470541328.24747,238421320.082797,9431074330.31739
